datetime,headline,summary,source,url
2026-05-22 18:48:51,Disney's 'Star Wars: The Mandalorian and Grogu' tallies lowest Thursday preview sales in franchise history,"Disney's ""Star Wars: The Mandalorian and Grogu"" tallied $12 million in Thursday night previews, the lowest collection of advanced tickets in franchise history.",CNBC,https://www.cnbc.com/2026/05/22/disneys-star-wars-the-mandalorian-and-grogu-box-office-preview.html
2026-05-22 17:59:04,Stocks continue surging to record highs. Here's how to hedge,The rally back to records has made buying protection more affordable.,CNBC,https://www.cnbc.com/2026/05/22/stocks-continue-surging-to-record-highs-heres-how-to-hedge.html
2026-05-22 17:32:52,"Arm shares extend weekly rally to almost 50%, and Starbucks pulls the plug on an AI project","Every weekday, the Investing Club releases the Homestretch; an actionable afternoon update just in time for the last hour of trading.",CNBC,https://www.cnbc.com/2026/05/22/arm-shares-extend-weekly-rally-to-almost-50percent-and-starbucks-pulls-the-plug-on-an-ai-project.html
2026-05-22 16:26:26,Wall Street thinks IMAX is ripe for a sale. Here's who could buy it,"A source told CNBC that IMAX has held ""preliminary talks"" through intermediaries, but no official pitches have been made by the company.",CNBC,https://www.cnbc.com/2026/05/22/imax-sale-talks-potential-buyers-wall-street-analysts.html
2026-05-22 15:59:14,Egg prices are plunging due to oversupply — and producers say margins are taking a hit as costs rise,"Egg prices are plunging from oversupply after avian flu shortages, but producers say persistent feed, fuel and labor costs are squeezing margins.",CNBC,https://www.cnbc.com/2026/05/22/egg-prices-fall-due-to-oversupply-after-bird-flu-shortages.html
2026-05-22 15:10:29,Surge in 'risk-free' treasury yields sends bond investors in search of better opportunities,"Treasury yield surge shows bond market is not 'risk free' after all, but there's opportunity for fixed-income investors in intermediates, BBBs and high yield.",CNBC,https://www.cnbc.com/2026/05/22/treasury-yields-bonds-investing-fed-rate-hikes.html
2026-05-22 13:20:06,The Club's top 10 things to watch in the stock market Friday,Stocks are poised to extend yesterday's gains.,CNBC,https://www.cnbc.com/2026/05/22/the-clubs-top-10-things-to-watch-in-the-stock-market-friday.html
2026-05-22 10:20:05,"Mega-IPOs could signal market top, say analysts as SpaceX and OpenAI prep record floats","SpaceX's IPO, expected on June 12, could mark the largest float in history.",CNBC,https://www.cnbc.com/2026/05/22/ipo-flurry-top-market-analysts-ai-spacex-musk-altman.html
2026-05-22 05:03:55,Rupee plunge sees India turn to 2013 taper tantrum playbook,"The urgency has grown after the rupee slumped to a record low of nearly 97 per dollar this week, driving up import costs and further eroding investors’ confidence",Bloomberg,https://www.bloomberg.com/news/articles/2026-05-22/rupee-plunge-sees-india-turn-to-2013-taper-tantrum-playbook
2026-05-21 23:04:31,"IMAX has held ‘preliminary talks’ with potential buyers, source says","IMAX has held ""preliminary talks"" through intermediaries, but no official pitches have been made directly by the company, a source told CNBC.",CNBC,https://www.cnbc.com/2026/05/21/imax-preliminary-talks-potential-buyers.html
2026-05-21 19:20:01,Will Elon Musk eventually merge SpaceX with Tesla? Speculation is building,Analysts speculate that Elon Musk will merge his two companies but traders on prediction markets are not so certain.,CNBC,https://www.cnbc.com/2026/05/21/will-elon-musk-eventually-merge-spacex-with-tesla-speculation-builds.html
2026-05-21 18:42:49,Traders think this legacy tech stock is the ultimate quantum play,"Options traders stormed into the stock, trading almost 200,000 contracts, on pace for 15 times the daily average of the past 30 days.",CNBC,https://www.cnbc.com/2026/05/21/traders-think-this-legacy-tech-stock-is-the-ultimate-quantum-play.html
2026-05-21 18:26:35,"SpaceX, OpenAI valuations would mean they leapfrog Berkshire Hathaway on first day of trading","Traders on prediction market Polymarket think SpaceX, OpenAI and Anthropic on their first day of trading will surpass valuations of at least $1.4 trillion.",CNBC,https://www.cnbc.com/2026/05/21/spacex-openai-valuations-to-leapfrog-berkshire-hathaway-traders-say.html
2026-05-21 18:25:04,"Oura, smart ring maker, confidentially files for IPO","Oura, the maker of the health and wellness tracking smart ring, has confidentially filed for an IPO with the SEC.",CNBC,https://www.cnbc.com/2026/05/21/oura-smart-ring-ipo-filing.html
2026-05-21 18:13:09,"How Walmart's gas price warning shapes our retail outlook — plus, Honeywell's quantum connection","Every weekday, the Investing Club releases the Homestretch; an actionable afternoon update just in time for the last hour of trading.",CNBC,https://www.cnbc.com/2026/05/21/how-walmarts-gas-price-warning-shapes-our-retail-outlook-plus-honeywells-quantum-connection.html
2026-05-21 16:41:45,Trump administration says new EPA rules will save you money at the supermarket. It's not clear they will,"Trump delayed Biden-era EPA refrigerant rules, saying the move will lower grocery costs, though the impact on food prices remains unclear.",CNBC,https://www.cnbc.com/2026/05/21/trump-changes-epa-refrigeration-rules-in-grocery-price-push.html
2026-05-21 15:06:49,LIV Golf seeks to raise up to $350 million from investors as post-PIF reality sets in,"LIV Golf is preparing to take its updated business plan and investor pitch on the road as soon as Thursday, in an effort to raise fresh capital.",CNBC,https://www.cnbc.com/2026/05/21/liv-golf-fundraise-up-to-350-million-post-pif.html
2026-05-21 14:31:09,Retail investors will get access to SpaceX's IPO—here's what to know before buying,"Elon Musk's rocket and sattelite firm will make IPO shares available on platforms such as Fidelity, Robinhood and Charles Schwab.",CNBC,https://www.cnbc.com/2026/05/21/spacex-ipo-what-retail-investors-need-to-know-before-buying-shares.html
2026-05-21 13:47:34,SpaceX insiders will get to sell shares earlier than usual after the IPO,SpaceX is taking an unusual approach that could allow pre-IPO investors to sell sooner.,CNBC,https://www.cnbc.com/2026/05/21/spacex-insiders-will-get-to-sell-shares-earlier-than-usual-after-the-ipo.html
2026-05-21 12:54:12,Jim Cramer's top 10 things to watch in the stock market Thursday,Nvidia blew away the numbers again.,CNBC,https://www.cnbc.com/2026/05/21/jim-cramers-top-10-things-to-watch-in-the-stock-market-thursday.html
2026-05-21 11:39:20,"Oil markets could enter ‘red zone’ by July as stocks dwindle ahead of summer travel season, IEA chief says",IEA Executive Director Fatih Birol said the single most important solution to the Iran war energy shock is a full and unconditional reopening of the strategically vital Strait of Hormuz.,CNBC,https://www.cnbc.com/2026/05/21/oil-markets-red-zone-iea-summer-travel.html
2026-05-21 11:34:29,Billionaire families bet on semiconductor and energy stocks in first quarter during Iran war,Private investment firms of David Tepper and other billionaires doubled down on chipmakers despite the Iran war pressuring data center economics.,CNBC,https://www.cnbc.com/2026/05/21/billionaire-investments-q1.html
2026-05-21 10:05:14,Traders are making big moves ahead of these earnings reports due Thursday,"With Nvidia earnings in the rearview mirror, traders have a handful of earnings before and after the bell to trade on Thursday.",CNBC,https://www.cnbc.com/2026/05/21/traders-are-making-big-moves-ahead-of-these-earnings-reports-due-thursday.html
2026-05-21 08:16:15,"Economic activity holds steady in May, Flash PMIs show","To limit the economic shock, India has raised fuel prices, curbed gold imports and tightened currency-market rules",Bloomberg,https://www.bloomberg.com/news/articles/2026-05-21/india-s-economic-activity-holds-steady-in-may-flash-pmis-show
2026-05-21 03:56:34,"Airbnb pushes beyond stays with luggage storage, car rentals, hotels","Airbnb expands services beyond stays, offering luggage storage, car rentals, and hotel bookings to enhance the travel experience.",Bloomberg,https://www.bloomberg.com/news/articles/2026-05-20/airbnb-pushes-beyond-stays-with-luggage-storage-car-rentals-hotels
2026-05-21 00:49:21,SpaceX to reward Elon Musk for Mars colony with 1 million people milestone,"According to a US SEC filing, Musk could receive performance-based share awards tied to achieving a market valuation of up to $7.5 trillion and building non-Earth computing infrastructure capable of massive scale",Bloomberg,https://www.bloomberg.com/news/articles/2026-05-20/spacex-to-reward-musk-for-mars-colony-with-1-million-people
2026-05-20 22:41:07,Jim Cramer says the world of tech investing has changed and it's not going back,CNBC's Jim Cramer said semiconductor and AI infrastructure stocks have replaced software as the market's technology leaders.,CNBC,https://www.cnbc.com/2026/05/20/jim-cramer-says-the-world-of-tech-investing-has-changed-and-its-not-going-back.html
2026-05-20 20:50:37,"Sinkhole shuts runway at LaGuardia Airport, delaying flights, Port Authority warns","The Port Authority said travelers should expect delays and cancellations, with thunderstorms expected also expected to roll in Wednesday.",CNBC,https://www.cnbc.com/2026/05/20/laguardia-airport-lga-flights.html
2026-05-20 19:52:30,"Iran is consolidating control of Hormuz with island checkpoints, diplomatic deals – and sometimes ‘fees’ - Reuters","Iran is consolidating control of Hormuz with island checkpoints, diplomatic deals – and sometimes ‘fees’  Reuters",Reuters,https://news.google.com/rss/articles/CBMixwFBVV95cUxOMzNJZTNOVW9ScHNEZjlhenY5VFdwa3ZmVXhCVk9MYWgxY0hnRlVmVUFUNERHS0ZsVlBJZXNBSEw5c3BHYTJxUFA2cDdlZjBBMXRsTDFFN2dXMEJybG9ycU44d1c5WDdwZ09EdDNCWm5kRE8yTW04clJnY05URDdadVZzanZTSFA0bkxFVF90Ym10a1RUYUdmYWNmN2dlNXc1SGdOelpZLU1UQm9aV0RXZkJZeEdRamlmbEl4SlFveEs4RVA0LVlN?oc=5
2026-05-20 18:13:12,"Stocks rally and oil falls. Plus, the implications of Samsung averting a strike","Every weekday, the Investing Club releases the Homestretch; an actionable afternoon update just in time for the last hour of trading.",CNBC,https://www.cnbc.com/2026/05/20/stocks-rally-and-oil-falls-plus-the-implications-of-samsung-averting-a-strike.html
2026-05-20 17:54:31,Trump: may have to hit Iran harder - or maybe not - Reuters,Trump: may have to hit Iran harder - or maybe not  Reuters,Reuters,https://news.google.com/rss/articles/CBMijgFBVV95cUxQR2oxOWRTdlB0bllSbFM1UE1YdFh5TlJiazU0QUgyN0RzbFFzSTFJTVVpWWZKN0ZzVEZOSXlRaE11V2V0LTYtZTVzM1JueVZ4TGhIXzdXYXlJb2s3QklWMVdUbkFTYUJwdFpxZDBFR3ZjSzhiSGdHVExHUkJWZEZ3TzZZaGdUWlBzc0tOZXh3?oc=5
2026-05-20 17:31:43,"Iran seeking mechanism with Oman over Hormuz, foreign ministry spokesperson says - Reuters","Iran seeking mechanism with Oman over Hormuz, foreign ministry spokesperson says  Reuters",Reuters,https://news.google.com/rss/articles/CBMizgFBVV95cUxPVWhtb2pob0F0bVI1Yk9yWFlRNnpWSFg2d0p5U1EyYlFnOXZneVNyWEh0MktpUU1udUVFajdMM214UG1LRnIwN1pvV2s5VzVaMkVpb2tNNmpHOEozYlNlaU9HbS1RQ2pUdjRjYmZYZHZ4S1lUQW80V2FaZ1hab0xKVXRzY3FsSkM0SWxuYmdQVl9ZYWppV0xuWDlPNmZfR210QWVPeVFza0IxcTM1Y0R2MUdmV1ZiVkFFTUpuVkFjRl9XbG9OWWppSHc1OGt5Zw?oc=5
2026-05-20 15:47:21,'Am I out?' Drought and rising costs from Iran war deepen pain for US farmers - Reuters,'Am I out?' Drought and rising costs from Iran war deepen pain for US farmers  Reuters,Reuters,https://news.google.com/rss/articles/CBMiugFBVV95cUxQUjd6MUMtT2xpUUFRV0QxUjN6TkJFQ0pxQnBrX2t3aUVlcmJHaUZmYjRSdzE2NU1jZHdjYWV0a2tBWDJSY01hWFFRd1ZSRHF2a3lxYkh4V2RoZXJCY3l5RXUyUi1mcVNzZnRPVjlSYWFPNUZYOGNQYWJzcEU1QV9lSVZnM1JiZ3ZLMGVvOVpfYnpCOEljMHczRk1mM3gtdnFNUG1LU1RZNVJCc2JvRGgtcFJlZDVEUXdzTmc?oc=5
2026-05-20 15:32:39,"Bank of England has time to gauge impact of Iran war, Bailey says - Reuters","Bank of England has time to gauge impact of Iran war, Bailey says  Reuters",Reuters,https://news.google.com/rss/articles/CBMirAFBVV95cUxQYzg5WlF5YUFPek10UXJYSXdrMnY0dTVDUnJqYUZyWWdKN3J2THFFS0pNUjFobkVZV3BjSGpKRFExM3UzWmpPNW44dkQzeEdYSDJ3ZzdqNm14M2Jua01rR04yRTlFOHRBNHp0SU52TFA5cUpva3NKSzNUM3FWT3NDYTZNQVM4ano0SXd2RDJWTTZXRTZTQUZ1T0hKazNtSFZ0ZUtmVGNkU2cySTR3?oc=5
2026-05-20 15:20:08,New UAE oil pipeline bypassing Hormuz 50% complete ahead of 2027 start - Reuters,New UAE oil pipeline bypassing Hormuz 50% complete ahead of 2027 start  Reuters,Reuters,https://news.google.com/rss/articles/CBMiugFBVV95cUxQb1EyS05JUV9zbW1BTHAtVzFQMXd3NXM0enZJOGplMEpsTjBNNkpGNEQ4WlB0YnFjZjM0TmlnTHU4QUlDM0ZaRGdUVWdpR2w4QXJzX2ZFU3pFOVhpVlpSRXdfY3J5X0dNdU5YdkdITElYenJHZDNFRmFpTHowUTlrUGlxZ29YQ3pJNjNrR1ptdy1hZnB0dmEwMTFzZHNCdHpZZ1RTZ0hxY2tPRHFQZ3dBa2MxMlpyMURITEE?oc=5
2026-05-20 14:55:00,"Post-hantavirus outbreak, infectious disease experts share how to cruise safely—and assess the health risks",A hantavirus outbreak on the MV Hondius cruise ship has brought some health and safety questions about cruises back into the public eye. Here's what doctors say.,CNBC,https://www.cnbc.com/2026/05/20/cruise-safety-tips-from-infectious-disease-experts-after-hantavirus-outbreak.html
2026-05-20 13:09:11,"Trump blinks as big, bad bond market bares its teeth - Reuters","Trump blinks as big, bad bond market bares its teeth  Reuters",Reuters,https://news.google.com/rss/articles/CBMiuAFBVV95cUxNRnZtN1lXbHppUkRDczZZLUhfaDdCQmRlTTNRN2VYekhzWWhuV19mSloyY2M5bGVNeUc1eEVUSnVVRHhVY3pDbl9Pa0MtQ2JTNXhnZ1BRdTdrc2h3ZmRnVV9QZS1kTzNtTXgxdVZVcVJqY3JHWHRLYkRrNHRodEhDVHJyLVhIV0N0cGVhRWRLOHBNRDBPUVhnbjFwVDBVdHczWFdLdEVRdkxHRnhKcFl1LW1kb3VJZDd0?oc=5
2026-05-20 13:05:50,India’s treasury-bill yields surge on rate-hike expectation,"Yield on the 364-day treasury bill rose 21 basis points to 5.9750% Wednesday, the most in nearly four years, according to data compiled by Bloomberg",Bloomberg,https://www.bloomberg.com/news/articles/2026-05-20/india-s-treasury-bill-yields-surge-on-rate-hike-expectation
2026-05-20 12:48:14,Jim Cramer's top 10 things to watch in the stock market Wednesday,The S&P 500 is looking to snap a three-day losing skid. Nvidia earnings are tonight.,CNBC,https://www.cnbc.com/2026/05/20/jim-cramers-top-10-things-to-watch-in-the-stock-market-wednesday.html
2026-05-20 11:29:29,UK inflation dips in only temporary relief from Iran war impact - Reuters,UK inflation dips in only temporary relief from Iran war impact  Reuters,Reuters,https://news.google.com/rss/articles/CBMifEFVX3lxTE1PSERGbXJ1eWRPN2ZXYzJtTVBIZk1jblJaYUF1eVpwakk4TWh1ODNvR3AtS29tWmJwRHFrcVY1VC11NjJWMW1UcjA0Y2FVRU5qUWlDeEtXd1k5cnBNMHdnMjJIekh1SGhUMDh0NFl6QWNxSENtWWZDVmN0YnA?oc=5
2026-05-20 10:29:50,"Germany will deploy Patriot air defence system to southeast Turkey, Ankara says - Reuters","Germany will deploy Patriot air defence system to southeast Turkey, Ankara says  Reuters",Reuters,https://news.google.com/rss/articles/CBMiyAFBVV95cUxOaUxaRzBNMkptc2lkM0V2LUN0WUpCVWtXMllPTDJrUHVyX2Z4S2hqOHd3c1ZsUzJfTzJaZnNRVDdpdkt3SGtfSThpT05xWkNieXFLR1B3eHdROGlsNE1HSGVhY3hjem5sYkFYRjhqVWdfMnFDWm9yazhzcnVuT0wtS0k0YldxSjNWLWhicjg2OUxNZ2tuMDF0UEY4U3RQUVMxRFRKSktqYkpKTW44M3Ryb0JkeTdaT2p5WmdMOHdaS3ZDM25rRFgyMw?oc=5
2026-05-20 10:07:43,Russia's oil and gas revenue seen up 39% y/y in May thanks to Iran war - Reuters,Russia's oil and gas revenue seen up 39% y/y in May thanks to Iran war  Reuters,Reuters,https://news.google.com/rss/articles/CBMirgFBVV95cUxPMGloY1NkaG12OHhldFNOZ2tJcjkteXdvTmJwajlIejRyaklPMHVPVmRuTmZnaV9leE9MVkVqaUM3b0RRMnU2N3pfaGg2SXBTUXdmTmFoNEZ0WTBHTzdSZzdVWkFvbUVlTU9MbFJVZXRWRmszSjdVbnJzcnlyM0ZPWTB5bnFEdDFIbTRUVXVDb3hzYkI1RjBIZll5bTJwZ28wZWNiQnFTMzRFNG5lOHc?oc=5
2026-05-20 06:11:00,Qatar Airways works to rebuild global network after Iran war hits profit - Reuters,Qatar Airways works to rebuild global network after Iran war hits profit  Reuters,Reuters,https://news.google.com/rss/articles/CBMisAFBVV95cUxOZzhzVVRVak1KRjdyT2wzRTRKODdxdjRxX2hweWM2ZFU2enhoZ3JlMDc2bDJOQ1JBd2pGRVlBVjV4djRPaGo3ZEF3aGd5ZkdObmVVclVhQUs2MTcwRUs5SG0zUW5nUnptRFdPS2Vid1hHNFpveDF6U3lqMVpJdFRvYk1DZUdVSFIzbURiaXhXYXd2b0IzMFJna2pqb0llaDFvVTFmS2tHZll5cVV0cXZORg?oc=5
2026-05-20 06:04:00,Spare a thought for the world's biggest diesel importers - Reuters,Spare a thought for the world's biggest diesel importers  Reuters,Reuters,https://news.google.com/rss/articles/CBMitAFBVV95cUxOWk5tLTV6bE9WS1doWmJKbml4bDhMU3JxZWVjQzhueVlncHhSSUVmbGtZNkdVOWhqSnFIUlhvQjk2ZGZUdXRfWFptSnlBU2RuR0Y5NkxxYndraXFkczZRYWRrY3hVd0V0QW4tTUh4YzhXY0V4cTlwS1Z2cjBSZFZmbXhWYWhJbF9ub0NxV3NKWTJPUmRDSExSUVlIVjF1M0pQUVBXQWFXY2ViVGdCSnVjTHJEaTk?oc=5
2026-05-20 05:42:50,RBI intervenes as Rupee drops to record low,"RBI intervenes as the rupee hits a record low, pressured by high oil prices and significant foreign investor withdrawals.",Bloomberg,https://www.bloomberg.com/news/articles/2026-05-20/inr-usd-indian-central-bank-intervenes-as-rupee-drops-to-record-low
2026-05-20 05:04:00,Europe EV sales leap as Iran war pushes up petrol pump prices - Reuters,Europe EV sales leap as Iran war pushes up petrol pump prices  Reuters,Reuters,https://news.google.com/rss/articles/CBMiwgFBVV95cUxQYV9heDh6VEtBeDIydHFJV3NXZ0dsYVFweU9zUE1ibWlIU1hTMG9nWlRhVFZ1WU83ajY5aGl4ZS14T19xVnBsQkljTHB6U3RReGVvT3pFMzFoTXdpa21SMmZJZWZRQ3N1S1JEQWhMNGRTS2FDVTFfV2U5aGd6QVlQdHRZQmkta1dnSkdvUWVITXI1ckpJSDQwNVBsSGdzRUJXaWdBcGF1TmFrYUZaYmpJYWlPbTVSLTRGRzh6NnkwdGtYZw?oc=5
2026-05-20 05:02:00,"Europe's airlines say wars, red tape are holding them back as rivals streak ahead - Reuters","Europe's airlines say wars, red tape are holding them back as rivals streak ahead  Reuters",Reuters,https://news.google.com/rss/articles/CBMivgFBVV95cUxNU0ZwcTNrd3NfR0pRbzNLWjlRTFJNQXhMdGI5UkhpNDZULVUwc3NoVWN2WEQzVEpkVUNGS3hmQk5GWFNfNXJ5VG5IeDN3SVlDWk1qeklMVDlCRGtaMzRWRlVxYW5jenFFMXdrZjhwa1FPZXNCdGo4ZDZwdWVteWVRWVJnM2hncHVBUC1mbkpISnhTZ0l5Q2F2bjhZbHN4NTQwV05KRThwcno2eGx2Snc3UDVxa3cxY3hZSEllWmh3?oc=5
2026-05-20 04:31:00,"As stocks slump, cue Nvidia - Reuters","As stocks slump, cue Nvidia  Reuters",Reuters,https://news.google.com/rss/articles/CBMif0FVX3lxTE9MYllxNElUMW1QdC1MQlh5UndkVnNaWnlwM2FMd0NJeWtYTC1MUk5TVWxKeW9iZm1kZ0V1eVoyRzVrLVQ3YjNxWU51VGZJb190X2dRbUVJTzVzWXZxcFhiNm5RemswZXpwX3A4a0FZaElfd2JEQW5CTDN1R3VvU1k?oc=5
2026-05-20 04:20:00,Indonesia's Prabowo announces 2027 fiscal deficit target of 1.8% to 2.4% of GDP - Reuters,Indonesia's Prabowo announces 2027 fiscal deficit target of 1.8% to 2.4% of GDP  Reuters,Reuters,https://news.google.com/rss/articles/CBMivAFBVV95cUxPNFA4NHJBbEpSQjdBVWczbG9qMlY0aVU4VFVIaElrdmhkWi1hS3BremlpZ0YzczJtcDNSZHlPM1ctLWkzWTNhaHVHNXpiY1B5SWFYNTFtOXpVTFFBQURBM0NNZEtodGtpVk5ZakRwR0dCVHo5YVRqMlkwbmxjX2JmME1pMlJVNlNVd29Rak5TejlhZTVpMTl1el9MdDYza1ZlTFpLQ0Z5WlRvalZSNjlQTE1hc01maGh5UWxGaA?oc=5
2026-05-20 03:47:23,India prepares to send oil tankers through Hormuz for new supply,India plans to send oil tankers through the Strait of Hormuz for energy supply after government approval amid ongoing conflict.,Bloomberg,https://www.bloomberg.com/news/articles/2026-05-20/india-prepares-to-send-oil-tankers-through-hormuz-for-new-supply
2026-05-20 03:47:00,"Putin says Russia-China ties at unprecedented level, invites Xi to Russia - Reuters","Putin says Russia-China ties at unprecedented level, invites Xi to Russia  Reuters",Reuters,https://news.google.com/rss/articles/CBMitAFBVV95cUxQWkhtdzY4NWdlWjJLeUEwWElyOU5RdUVTMktZbEJlV0M2blhEbjhrQ0NhZTk1NXkwTUxKTzAzRElPeHZEeXB1cGRoSmVZMUkxRWpEYnpyYkZ5S2RXd3BoX0oydUV2RXgyOHJhUl84TWR3YjZjcW4xbHpJU1FPM0luejk5NjdnbFRSV2FSRGFMMVRTdXBXOHZRMmd5WE1KQXBabHg2MWFWUjZsUXl0bW5FUXktdVo?oc=5
2026-05-20 03:44:00,Trump says willing to wait for a few days to get 'right answer' on Iran peace deal - Reuters,Trump says willing to wait for a few days to get 'right answer' on Iran peace deal  Reuters,Reuters,https://news.google.com/rss/articles/CBMitAFBVV95cUxQbGtCOC1FeFNhRG9yNTFpSUMzVVFkN2JFRXJSWGhTLUZ4SE1ueklHTzB2cEdSWGZOTy0ycE9pQkFKNDl0SHY5Y1p0UHIxdGxqZG0wX3FjS1VZZFFmcnZzU18xczQ1eUk4VGJWelp1blVYNjJMOFd6elZ2NWMxQlNqMlo1SUV0TkF0RlhFeWpyWTU0czUwM2JLLW1pUDFfQTZWUnRRNmUta1p5ckhBb2hmM2RCcDg?oc=5
2026-05-20 03:35:00,"Rupee hits record low near 97/USD on oil, US Treasury yield strain - Reuters","Rupee hits record low near 97/USD on oil, US Treasury yield strain  Reuters",Reuters,https://news.google.com/rss/articles/CBMivAFBVV95cUxQcnJWb2twbUxjXzhOTTJfMnJEWklqOHNfY3ZzNlM5NFhSbVd5WUxLdGpwYjQ5VEJTQ1c0ZDBBMFNxbW93WDFTTEdUMkxOTnY5a2l6RFg4VjI0QnBRSnFXOEtWSjF4Z0tNQkNQRENlbEN0ZHlySGpHSDhEZUpQWXhKMXVSY3pQRXZrRGxVeFJaUUd3eUhVUnJ6QVNiSnduRndFZllobXhKYzd5d0J4OGMwUXRqTFd0ZEJQTTJnRQ?oc=5
2026-05-20 03:31:58,"India weighs $1 Billion aid for private electric buses, trucks","The program would span a decade and target India’s largely privately owned commercial vehicle fleet, with the biggest share likely earmarked for inter-city bus operators",Bloomberg,https://www.bloomberg.com/news/articles/2026-05-20/india-weighs-1-billion-aid-for-private-electric-buses-trucks
2026-05-20 03:02:34,"Australia's farmers, hit by Iran war costs and dry weather, grow less wheat - Reuters","Australia's farmers, hit by Iran war costs and dry weather, grow less wheat  Reuters",Reuters,https://news.google.com/rss/articles/CBMiuwFBVV95cUxNY2Y1cnNPbkRzZ1UxMVZoWGdmVlBwMldYVzJxUmVPU0VPRWVYcWVDNzd6QV9HTnppaTFuSzV5d05JM2NtOGd1bS1EWFNncENieFRuWkROaGptLUxjOGg0cC1rUm95RjRQeS1PWUFCSXJKNTlERmdjQ2REOUNBMF9ZdmZfQkh2VG5GamVKT0xKRUNvYzRfN0QwaTBtcENkT1pCaGdxMjZRb0VkUV8wRER4TkRQNEVIcWJmMERV?oc=5
2026-05-20 02:34:00,"Reliance helps Indian shares, but Iran war caution persists - Reuters","Reliance helps Indian shares, but Iran war caution persists  Reuters",Reuters,https://news.google.com/rss/articles/CBMiqwFBVV95cUxOc2FBR1hTVGw3dDVCVld5YXhPNnM0YlNHZE1WOEpfSEdubU9zV1JyZF9RaTF4TGtsQjBPeFNQWTNFcWJhdEFVRWtJZ3NYdF9oamN3UFNJUUxfUkIwam9ReGZvUkFCeERzcS12Y1B3M2VlQkNUN283dTZuX1VYZHd6bnMwelhHV09XYW1Db3NRcHJUSFRsRHVoU0RuSnZfZDdHcFJsLUtWdlJCNUU?oc=5
2026-05-20 02:07:00,"Bond yields, oil fall amid hopes for Iran deal; stocks up with Nvidia results ahead - Reuters","Bond yields, oil fall amid hopes for Iran deal; stocks up with Nvidia results ahead  Reuters",Reuters,https://news.google.com/rss/articles/CBMigwFBVV95cUxNbm1LU2ZBQUh2VnBuakxGMkh1VTV1RHNCS1pnRDV4QVVwTV9GWFNXZUpyZkllVjhqVEE4eU4tcXF5MW5LdWM3NkJrQ1p4ZXBxQ3g4TFhCS2tZakliQzg3ODlVcGczZ1RWOGxlUFcxN0pEcHFXN2VtUzI3cEV4UVByN19vVQ?oc=5
2026-05-20 02:04:54,"Magnitude 4.7 earthquake strikes Southern Iran region, EMSC says - Reuters","Magnitude 4.7 earthquake strikes Southern Iran region, EMSC says  Reuters",Reuters,https://news.google.com/rss/articles/CBMiuwFBVV95cUxNeVF6SzRJcFRUcEJlekY3dmd2TTJHVVFXY2tZYUlzaGNLLUZodkY3djNsd0QxR1cyTmk3Y1VQOFhrNEN1aFlUYTF4eWx4VG43THBEdVFYeTdlUnU1S1VkWTFfYVIyamVlNDdiTWt3dC1KUEtiQS1nRDlIbTVfaUFBalVrYmloUUZibHZOQnVMOVhrVlhRQk1CaGFoVXlzQXFTR0tNc0tYU0Q3cUl0YXlLWmtvOWdzcmJhWXd3?oc=5
2026-05-20 01:39:00,Oil prices slide after Trump says US-Iran negotiations in 'final stages' - Reuters,Oil prices slide after Trump says US-Iran negotiations in 'final stages'  Reuters,Reuters,https://news.google.com/rss/articles/CBMiugFBVV95cUxNbTZ0TjE5WjliV2w5YkY5aHlEUHVnVkdYNmx2ajdNd041OEZIdjA2MEpsT2tPaHRheVM1a3VaWmJSMjYzcEpENmxnb21Da2g3QVkxbGptaGJFOTRTcnpMVHZIUkgzRWVYdHdfbFpMSUZHZEhReV8xcTJzdXFGbWEzVzNrS0JsQjgtejAzSWM5VDFUTVZXdE15Q2xCT21QQzVfakp1N3RPUVpoSkxWdndXclp6Nzc3VktBeGc?oc=5
2026-05-20 01:39:00,"Dollar dips on hopes for Iran deal, yen near danger zone - Reuters","Dollar dips on hopes for Iran deal, yen near danger zone  Reuters",Reuters,https://news.google.com/rss/articles/CBMisAFBVV95cUxPWlpMNmFpSU54eHZwMjNnUkhyS3dQOEZDQVRLNDd3YmZqa2JUQjNUajZna3lXSlVTTVppbTBrLUhTM0EtRUF5T3NfdEFJRUdPUHB4UjZzLVByUFU2NUkzZEZRZlVpQkpselNfVDVkVUNFSWt0dEl2SUNvTFRfamhRempTQ1lCenFmS3ZVNUlveUlkZGxIR0ZtQkpFRlp4TERtWFByUkwwY1N5ci1sc0Jqbw?oc=5
2026-05-20 01:27:00,China leaves lending benchmarks unchanged for 12th month in May - Reuters,China leaves lending benchmarks unchanged for 12th month in May  Reuters,Reuters,https://news.google.com/rss/articles/CBMirgFBVV95cUxQTlRNclJ4MkN4b0FpeW96b3NVRVY5TDJHTXFTMWUyV3lxc0JZVXRKSXpwVXpJb1g2RGZKNDJaV2RFOU9vUWVac0VQbnpNeWU2TWU1dDBRUHV5M2RjQUJPNzFuQUd1aTVPdTZKRDdXMDZqcndxaWJYbnhiS3pqWHpHeGZjNVdJSUs5aE5fVU9EanM1VDQzRUdXTzJxd0JmakVkUVlCamZLRzBmdGRweHc?oc=5
2026-05-20 01:23:00,"Gold rises as Treasury yields, oil ease; market eyes MidEast developments - Reuters","Gold rises as Treasury yields, oil ease; market eyes MidEast developments  Reuters",Reuters,https://news.google.com/rss/articles/CBMipwFBVV95cUxNbUk1OGlic0FLQWFSdFFJZkdXdWNnSzNhV3ctREFlVnlfTWRQLUsxOHJCN1dtMllxUFlGbjh0UmR6eTN5QTFRV0cza0NvUWJJeVNRRjNoeFJ3cV8tcVdac01manNkOEVpc250SElfaVZxRzNzejFVd190VHNsbHVWTmdibXVuSWVJVnFNZzVWMm83dkdreHBFcS1qb2h5cVhJNjM3V3FrRQ?oc=5
2026-05-20 01:19:00,"US CFTC probes spike in oil futures trading before Trump postponed Iran strikes, WSJ reports - Reuters","US CFTC probes spike in oil futures trading before Trump postponed Iran strikes, WSJ reports  Reuters",Reuters,https://news.google.com/rss/articles/CBMizAFBVV95cUxNU2lfM3dDd3V3NTRuT0VBUTk0aFR4SlZOX0prRTEtQXlEckwtbVVlZ01jRlo4bWJ6TzlIam85cmdLVGdReXRvd3dsaFZNWDNiNG56cDVrb1l4WEpFdFZKYTM3b3M5MGNYWTJLYS1TNzMyVFRuSnZWMFpvYXhMUG5TOU9WVjZNS002WllvRmQyUkxsWGJCWEpKVE1RMFlTbXNaMUs0bWNDeGxuUUdiWEgwMy1QVDZMRkQ1SklNc0Z1N2ljVUEtRzVBeElQUDk?oc=5
2026-05-20 00:56:00,Tankers exit Strait of Hormuz with 6 million barrels of crude oil - Reuters,Tankers exit Strait of Hormuz with 6 million barrels of crude oil  Reuters,Reuters,https://news.google.com/rss/articles/CBMiygFBVV95cUxPVXNrRTVhT0c5MGxfUmJneWZOYWpMblUyU2pHRFUzS1czM1ZWaTY5XzVCcHZKUzZnMnBpZ2wydzdSSS1uNExYd21adTY2QlkwODBIUmNpeHBtTG1rblN5dzJOUkxjLVFzYV9xQUctWmxXcWNJTTdNVGpCbnlqYkZTQW5RN084YTU2QklES3VuX21kTUJBR2Y5akFzOFBUd3BEVE5HdkYwdk5wSktsS2pvZHM5QUwtSUhONkNqQ0UweE1fNWN0emdQZTZR?oc=5
2026-05-20 00:18:00,Vance or Rubio for 2028? The White House briefing room edition - Reuters,Vance or Rubio for 2028? The White House briefing room edition  Reuters,Reuters,https://news.google.com/rss/articles/CBMirgFBVV95cUxPRVIyVmZEWVNiN2xvanpuVWt3TWp1WGIxUDlZLTRTUUZtNFdpWW9rbW9HN2l1SnVLNVcxQlRRa0pkaFBvQlVyVl9PYm1oeXk3QnhXbXlvOHhMQlRKM0g5MDZ4ejlTVmEzdHpnMjU5WnZua2VqcUFtV0pmYzVHdWg4U3ZEdEpVSTlia0xtM0RpZjNnTk5ndXVST0MzWHRHLWZkREZIU2JzZlJYbGNzNmc?oc=5
2026-05-19 23:32:07,Wall St ends lower as inflation worries push up yields - Reuters,Wall St ends lower as inflation worries push up yields  Reuters,Reuters,https://news.google.com/rss/articles/CBMisAFBVV95cUxPTExrQVdLWjM3N1B1VnNNMFc4MFNXMXU2RVRtNVVuNUlJcGJDenVoc0E3RWV4UDhMQkhIVmRZemxvQnVyQXJiQktfRV9XUzRkRW9vUjhQT0stU2RNM2w0ZHQzTGQ2Zi1Db1lVdEdwUzFpZTNHUFhOTmd3RE4zbW5sQkpkZzh1M1gxSk1rRmd4R3pUaVN6cFVZeWluNE1IQWZ2eHh6VTd6Z1JjNFZ4dUZERA?oc=5
2026-05-19 23:09:20,"G7 finance ministers urge action on economic imbalances, some point to China - Reuters","G7 finance ministers urge action on economic imbalances, some point to China  Reuters",Reuters,https://news.google.com/rss/articles/CBMipgFBVV95cUxQUnhudmJ5VG1fcTE3Y1RXSEhSN2diRjQ3Z3hwNVRUd1dwdlFadlBNMDRzak13VjMwdFU1enNmbDZzMFhyNW9ManBTYkJueW5UMnkwMjdsRGNTSE8zRVd5cEFGaWwwVWRiU2t0LXcwSDZYdGpCMXFBLWJzWXZBUk5QTVJSbnR1SjFOdVpUY2dFQ2NONUUwdzZlQmdLTVZxY19RblhUNjhn?oc=5
2026-05-19 22:14:57,UAE says drone that hit near its nuclear plant was launched from Iraq - Reuters,UAE says drone that hit near its nuclear plant was launched from Iraq  Reuters,Reuters,https://news.google.com/rss/articles/CBMiugFBVV95cUxOT2dHVzQ2eEVnWGZVRFRLc2haczVQRnh5cG9uQS1BUURicC0yZ2QtVWRRR0xZeXlFREozQVBtT09ZMUFCNUhGdnhRVE5IdWFuLWNaNWV2QVVETWxtN3NtTDJtdlg3SFNtc090aktqeEo2TG45ZWhrN2EtQmJRb0ZqazNXWjcxY2xNcXRmZXFoQTBvUWZXWnVtWGRDQjBSblE4ZWVLbkFSQlkxMUxhV2tOM2I5d21rcjRfOWc?oc=5
2026-05-19 21:58:00,US Senate advances measure curbing Trump's Iran war powers - Reuters,US Senate advances measure curbing Trump's Iran war powers  Reuters,Reuters,https://news.google.com/rss/articles/CBMisAFBVV95cUxNQnlvb0RIYm4zX1hkNU1hQkFKbTFQdEpONE80cGdJaS1IUzUzSmJuTUxoaXN5dGpabEpTTWFybF9pVkQwUTA1VjJDSGYyc1VKUzgzajV0cEZ1SkJodmpCeGlRZ21SME9GUW10bFhtd2tIMVdXcGhoSUJINmpVdGpGbmVDS1EydF9lbjBrRFFrNFBOU0lnU1h2d2xyaTJRRmltaVc2UVlROXJwUzFVRElreA?oc=5
2026-05-19 21:19:39,"Trump approval drops to 35% as Republican support softens, Reuters/Ipsos poll finds - Reuters","Trump approval drops to 35% as Republican support softens, Reuters/Ipsos poll finds  Reuters",Reuters,https://news.google.com/rss/articles/CBMiuwFBVV95cUxOVnRqWmwxX09HbEk4WGtFTGNBNnF3a1Vvd3MwNFczNDBwN0hudWtTNm01QURTZzZsRnNDOEwzRkVfMmtBMDhlQUdzTG9lOWFiY2UxMlktRWJQUGtGU1BtYXB4a3hQdEJlaHRHcGdNNWFqNUhIZTBFV1g3UmZsQUQ0VGVLZ3RPLTlSZjZrSkdFNlFTUzB4NTNNTzVXNGlEU0RpUEhJMDJNQUNNT2JvYldPSS1lRlFYci1uZW44?oc=5
2026-05-19 21:18:06,"U.N. cuts global growth forecast to 2.5%, blames Middle East crisis - Reuters","U.N. cuts global growth forecast to 2.5%, blames Middle East crisis  Reuters",Reuters,https://news.google.com/rss/articles/CBMirAFBVV95cUxQMndXUkp2VDktbVRqemxHdmxUWF9keHZ0SDJRZ0ZBVWJ1S29KeTNLRkdQNWduY0twR2dNWFpmTFJKSWhEQjJRRTJ2cFVGb3dvYUpTUlNNbmFLUGVhUmw0Qnlqb3JLTVc2ME5TYXdlTl9Oc1JBOFVQcjlEUm0yUGhGakowODN2TnFlUE9yQl9kaVQ1VUhEdHJRYWJxYWcyWnZGMmRDLWx3R01XekYz?oc=5
2026-05-19 21:16:56,"US nuclear power pact with Saudi Arabia lacks strict guardrails, letter says - Reuters","US nuclear power pact with Saudi Arabia lacks strict guardrails, letter says  Reuters",Reuters,https://news.google.com/rss/articles/CBMiyAFBVV95cUxOS2lxWkw5Q0pxeF84VnFvT2w1dGxIczZrUnRqOVBaTWtFd0NKNzVESlhncXI2RmU5SHdQZXU1TC00Vk9VWS01czdJZDJqaXEzVnB5NUlRSldwZE9nbmpfUVQzZXVEMGcydVpZSWlocVIzZV9nVGRob09LdkU5V2U2SDZPcnBaRE41UnZiRy1MUllDN3VON1RfallNYkdUa1hGWWJsSVNPTGJUWFVDOVdYRW82TTdtRXlEcHZNd3hqb2dDRFgwaVRYRg?oc=5
2026-05-19 21:13:27,"Israeli forces fired shots at Gaza flotilla, all boats intercepted, group says - Reuters","Israeli forces fired shots at Gaza flotilla, all boats intercepted, group says  Reuters",Reuters,https://news.google.com/rss/articles/CBMiywFBVV95cUxNRXducXhxWmplaFJlNkVMUTQwLUE2NXhaZmJjUWhyd2dZOUNQWHhmU1pzTFNQUEI5MVdWbHZyYnp4YzJvWGZpQ0tzUlFzMmFnMHdjSTRXMXktSmV3Qk11VS1TOVVhLWQxaVloM3ZrSEF6TlpMQlJTTEVpYVFrMDFuNFNqeVA5NFBudnFiMjNJajNTSFBUeWlZMmRHaUx3Ni1Zajh5SW80M1RSbFMxRUlCd2RxRFNxMjl5VHhsdTY5bTdTYjh4N1VOb1hsaw?oc=5
2026-05-19 20:50:30,"Exclusive: US plans to shrink forces available to NATO during crises, sources say - Reuters","Exclusive: US plans to shrink forces available to NATO during crises, sources say  Reuters",Reuters,https://news.google.com/rss/articles/CBMiqAFBVV95cUxONWx0bm16cDVmZmVQLXpvVkhoazNGX0xPaGo1SzlRUG0xY256Q2wtbUpTS0VqSGY1YTBBaV96ZXFFUnVqSEJGdUFGNVB6NWlhVGJNTEY5Mlk2UUt3OXdwTk5DNENuZWJrb3JDaEt5Q05OR2lheXV1Ylk4OWE5dWRfVkFtX3ZTODlVRzYtTlowUDlxSFRVWGdQSjRvTElqTTJaa1ZueUpvMkU?oc=5
2026-05-19 20:41:26,Vance says 'a lot of progress' made in Iran talks - Reuters,Vance says 'a lot of progress' made in Iran talks  Reuters,Reuters,https://news.google.com/rss/articles/CBMimwFBVV95cUxOeE5ZTjcyQ24tX2pUZ2FKRmNUSHA1SWNTSElMTy1lWWFuWVNjUFNlek5SZm1zaTVSVko5VW5tdnNyOGZPRnpWMmdhQUFTX2cxYzJQQmhFWWc1RzlWNVh4NGI5UnU1SWpvbW1QV2tmaW1lWmY2WEZEQ0pfdzdxSkc4YnktSXVYQzgzMnZhalhTWFlCY2pncmFlaGNqOA?oc=5
2026-05-19 19:55:21,"NATO not drawing up plans for Hormuz mission, top commander says - Reuters","NATO not drawing up plans for Hormuz mission, top commander says  Reuters",Reuters,https://news.google.com/rss/articles/CBMiywFBVV95cUxOOTZNTVNNQ1l5elFEQzQ5empmSHp3d05DeTNlaDYtMGZnZHZjZThRS0ZPWjZoRl9OOGNabXd2VEVTNTQ2bktWcDRWMC0yaGh6Qjl6ek5hVEp1WEkyZFNUVlhlckRLTDV4c3BCZzBpYmxSVXlJTkhRTG9rbmNWX1c0dnJrODF4T1lmNkU2bnl2NlVjMlhyNGlsZi16YXBoTUd6dzdCU05mZlpkQUlvSzhNV2VQbHdEVjN1VkpSSE8yMmJheFktajNPZEwxMA?oc=5
2026-05-19 19:54:32,"Bessent urges more disruption to Iran's financing, will review US sanctions list - Reuters","Bessent urges more disruption to Iran's financing, will review US sanctions list  Reuters",Reuters,https://news.google.com/rss/articles/CBMixwFBVV95cUxQZWhPSlVpQUxGMFpvbFl1WDZqZUE3WFVOdUxsMUFRUnBMT0RhZEF2VEhyMDNSTThXWnFpTktuQU5rU3B6R0xCZ05LMzRwcER2T3V2Y1FqcFM0RUJDSVlBLUhoMkoxN3ItNndyZU9vSVFYcG81S3VUY3gzMElFWGp1ejdPMVgwYlZVSjJzN0o2Q2h3TEVmYkkyUHJPN213MzNnTDNza0poMXNja3dMU3JmS25HdnUzSF9tTHlPRFZoTDJvSFMwMkhB?oc=5
2026-05-19 19:45:30,What's the mortgage rate you'll be paying later this year? Probably higher,"With mortgage rates reaching a record high on Tuesday, traders also increase likelihood that rates will go above 6.8%.",CNBC,https://www.cnbc.com/2026/05/19/the-rate-on-a-mortgage-you-will-be-paying-this-year-is-getting-higher.html
2026-05-19 19:42:00,"US probe into strike on Iran girls' school near conclusion, US admiral says - Reuters","US probe into strike on Iran girls' school near conclusion, US admiral says  Reuters",Reuters,https://news.google.com/rss/articles/CBMiwgFBVV95cUxOX1FSZjhvbnBWdXB5aHZIaElTY3g2VWZxUERHQV9LNzk1OVRaZWtZN0VlbG9qamdoRVB1V1g3dGhBRTlDWGZyRHRtWmk4UkNjOEtfalFtR1JBY1VDYjVndGtHM1RTTGlIdjRvSDExRzBBQ2JJRGtQSVdEaTBESXl1QmlYdXNVeEp5cmZCX25ORUd1YVh3cHZWdTMxY05hTkQtVjdGcmtOY3NKbjc5Vk9oV3ExUFZVUVZaazlVYXpHc2hZdw?oc=5
2026-05-19 19:35:55,"Trump administration ends civil, criminal cases against Adani after $10 billion investment promise - Reuters","Trump administration ends civil, criminal cases against Adani after $10 billion investment promise  Reuters",Reuters,https://news.google.com/rss/articles/CBMivwFBVV95cUxNeXdpUzV6UWQwQmtDdWlWMGlJVnppWFNzR1Jzc2Z5N0F4dTFUM2kwbnNhcGU4YUgybTZCa1hka1hmNEFSZUhmbDZoRmw2dnpRdkxVNjliYjJHaGFMSXhRcmdFelpSYmxEdXRpazJia1lXWFdxVzYxT0FQRnRlRFhCVWRHQmJCMjJobEYtRHhuRzJvLXBrLWwwLVI1RE8zbnY5M0V2cnJKdGxKV1V4U1l4RlRxUWRDNGlJN1RYUjJ2OA?oc=5
2026-05-19 19:21:05,NATO expects US troop cuts from Europe to take years - Reuters,NATO expects US troop cuts from Europe to take years  Reuters,Reuters,https://news.google.com/rss/articles/CBMi1wFBVV95cUxQVkRvVmRRNWJPZkd6Q2JpOC10WlVIbThUbVZMUG9BR2dGUXc0UThxM1c0c1hrY1pvSTJLOGxac3pYaHJ5OXY1SkI2TlRmeWRDMWZsT1pzQUcyNF8wWG00cEotc2RyWmdkTkhnRUQ0T1F5WnQxNjhESFFqT0gzcGl6NXpKOEl3ZXpUN2E3Vk42S3c1eWd2WGNLejFUWENKUzN3b2N0WWttX0lnbzhwTnJDX19PUzJ4dmNXUUdCcHE4ZHpCdWhMNWtVT3QyWWhaczJRc0JsVVV2cw?oc=5
2026-05-19 18:38:37,"New data boosts our confidence in Lilly's obesity pill. Plus, Google's new AI features","Every weekday, the Investing Club releases the Homestretch; an actionable afternoon update just in time for the last hour of trading.",CNBC,https://www.cnbc.com/2026/05/19/new-data-boosts-our-confidence-in-lillys-obesity-pill-plus-googles-new-ai-.html
2026-05-19 17:40:00,"UK defers import ban on diesel, jet fuel derived from Russian crude - Reuters","UK defers import ban on diesel, jet fuel derived from Russian crude  Reuters",Reuters,https://news.google.com/rss/articles/CBMitwFBVV95cUxOdkxMQ0RvZ0ZCSllnSUc0Ri1UNjFaNlluTnRTR05VWnZhMEVBQ09TV3hySGRYaGhuN210ajlSbC1IR2tIVFJqN0J4M2M0Qkw1Vlk5eVhoRHAzNTUxQ3oySlctaVFneldQWVA3ZUlKM1JZU2h6STZ1NVZhTnpmWUVRbUgzaDZDVUZseENPOFJyWXZmaktkX1hDRHlGVUdGa1ZEbTVlaC1FX3hoTGR5WFJFb0pnX0RkRmM?oc=5
2026-05-19 17:17:24,"Bodies of two Italians killed in scuba diving accident recovered, Maldives government says - Reuters","Bodies of two Italians killed in scuba diving accident recovered, Maldives government says  Reuters",Reuters,https://news.google.com/rss/articles/CBMizwFBVV95cUxQUWFCVzF1aXRpdVQ1LXVpN0o2QVRTMmlRVlZQN0ZVblFhbWZ5Wl9wWDNCNVRjU3VZTU40Y25Kd1VDbFh1eGRjNmJTNUpPY3VfRmZwaC1GaUZzdkFhUEFBWDdLankxUmdQbWZWTHJZdlgyRlFOQmN3S0JseGlIamIySDhHTkJuVXM5M0JoYk5IeEhKLWg1Um5CZ3AxZTZwNVcxRGJFSk1fVWZrNXBkVFhNcmVjVWU3UVVpTExpYkc3V2ZpOHBuanYtX3loM2FPZEE?oc=5
2026-05-19 16:40:31,Here's why Broadcom is a winner from Blackstone's new AI venture with Google,"The Investing Club holds its ""Morning Meeting"" every weekday at 10:20 a.m. ET.",CNBC,https://www.cnbc.com/2026/05/19/why-broadcom-is-a-winner-from-blackstones-new-ai-venture-with-google.html
2026-05-19 16:40:04,Trump endorses Ken Paxton over John Cornyn in Texas Senate race,Paxton and Cornyn are locked in a bitter Texas Senate runoff that will decide which Republican faces Democrat James Talarico in November.,CNBC,https://www.cnbc.com/2026/05/19/trump-primary-election-ken-paxton-john-cornyn-texas-senate.html
2026-05-19 16:29:24,European shares end slightly higher as investors weigh Iran peace proposal - Reuters,European shares end slightly higher as investors weigh Iran peace proposal  Reuters,Reuters,https://news.google.com/rss/articles/CBMijwFBVV95cUxNaS1Jc3l3RGdNZEhQODhpY0Y0SUo3XzVqSUhXT2U5SUNRb05xUTdpZEEtTkpIcmxyaDFpaDNUbmRXM3Q5RlU2Vm42dzROU1FPUk40bzg1WjJVY0hQMUdwaW1RVFg5Q0Q3eUpoeV8ycVNwMWRZWGkyclZLQTdnLXVVYjlNcW5nLWYxUzItekxxUQ?oc=5
2026-05-19 16:06:18,"Somaliland says it will open an embassy in Jerusalem, Israel to reciprocate - Reuters","Somaliland says it will open an embassy in Jerusalem, Israel to reciprocate  Reuters",Reuters,https://news.google.com/rss/articles/CBMivwFBVV95cUxNWXlKUFBuUlgzRnRDckFteTJ2MkFKNWVzcVVwOENuamt2WXlMOWdWMXU5X0l6WUVGU1kxT19YV2VLZzRHVXh1cjgteVlKUjZudTNMRVFxUzhYVjQxZnJvUEswdjBPX1ROb3A0U2pSQ2RqRE5EcFJTOV9ycnB3MG9jdzBFcktOdkE2Tll0RDVhR280TkNJZmtUREV2eFpmY0lZY3BvLVFqLVpBZTU4TlhoR0pqRWFTLU1WeDNLM1c4Yw?oc=5
2026-05-19 15:57:00,"India's BPCL reviewing oil imports daily, spot buying more amid Iran war, chairman says - Reuters","India's BPCL reviewing oil imports daily, spot buying more amid Iran war, chairman says  Reuters",Reuters,https://news.google.com/rss/articles/CBMiygFBVV95cUxOS0o1RV9GdnYxeWxvbjg5NmZ4VXJOUDM4bTBBdFVPRXY1R1RXakpyclRLZHA0d3Q5TmtwVGRSc2J6eGNtRzhPa1VsdF9LYzJlWkFJTXBNVXNrbzk5TG5SX0xoRFpNcThtdEthSzh6d0M2akhjaVNJN00yUV8yNmh4czhGa2hXYXcwUWtzWnpXYjBTbG92S1RrUkt6ZldPUVZCQnRjVEh0YjVXOGdEQkdHQmVmODJqTEoxaVR0TC16Q2ZUWUx0ell0ZDFn?oc=5
2026-05-19 15:41:25,We're booking profits in a once-hated stock that's gone parabolic,The stock has rallied roughly 60% since the start of April.,CNBC,https://www.cnbc.com/2026/05/19/were-booking-profits-in-a-once-hated-stock-thats-gone-parabolic.html
2026-05-19 15:34:17,Four US LNG vessels sailing to China after Trump-Xi summit - Reuters,Four US LNG vessels sailing to China after Trump-Xi summit  Reuters,Reuters,https://news.google.com/rss/articles/CBMiqwFBVV95cUxOQWN1ZkdDUlo5WkNYRzRxMmlzSmF6OGlWNzl5b3RZZWZYTmMwR3J3YVR6MDllWjJ4aXN4b0x1REZqbERRSFp3LXl3RWlfRlN2YmxvOXYySnpWME9uRVdfdzdtcDRCWnBSTmEtaUNfcnZFM0lZdDJrQzBCcmUxaDJ2elFNdExIRG1NTmJPQWJidHl1MDV3Z3l0Ylh0SnY3TF9zVXU4dGlMaER4OHc?oc=5
2026-05-19 14:59:39,Exclusive: Bessent says G7 aims to confront China with imbalances data - Reuters,Exclusive: Bessent says G7 aims to confront China with imbalances data  Reuters,Reuters,https://news.google.com/rss/articles/CBMipwFBVV95cUxNUDFZejdUck1XN0VUX3M3aG5sNDRCOXRTYWoxZGw5Z1NkaFZ6aFZpMTRWMWJ4WFhlcWtPT0hlazVVVXlOZ0hTZnMyM2ZJT1NPR0NtSnZBVDR5eW5MZXBwMGpPbVhnS0V1QXdLZXpPSGdSR000VHhiZ01zdVpySUVXYXJHUVFURkhFTXc0bTlhVXhmNXZfcHRtM3poTzVEODU3bkQ0Z2o3bw?oc=5
2026-05-19 14:56:07,Trump says US may need to hit Iran again - Reuters,Trump says US may need to hit Iran again  Reuters,Reuters,https://news.google.com/rss/articles/CBMilgFBVV95cUxORGZqczhNVDdKenVreEZ5SFVTMF82VWlBTGc1X2hOU3JFMWRFdU5QUC1RTE0wUWNxbGlUSEdRRFlPMWd5amhKeE5id3dYeXE3VlNwcDduNXdIYnZQOGxlSTRpNXhrWVp0QlNKbkNHVUlUeXF3RTdXZFdCMXBNTHhOWFRibENCb1BXbUx5VGZVeW1aSXozU3c?oc=5
2026-05-19 14:51:19,US says it is imposing sanctions against four people linked to Gaza flotilla - Reuters,US says it is imposing sanctions against four people linked to Gaza flotilla  Reuters,Reuters,https://news.google.com/rss/articles/CBMixgFBVV95cUxNTzVLWE5OWEo3V2xMbUZZbm5oY3F0bUZ4ZGFrU05qdzFMdzBNMVN2OEhPMEEzbF9XWGIyRlVDVFFPUlZFMXVxWF96S2ZaajExc0pqcVQyOG5JWXc1bG50cXRTcEJlWHpLYXVzNXhTMF92cGVFcmFNNU9YdUVteUM3M0thNlhZWDlZanVMcHRoNXYxNUVPYnJhVkpTN0NybWpmd3BOLUVaUGpPNkRwbGJLOExIOWZlOXZuS3ZTS2x0cHpILU5ULVE?oc=5
2026-05-19 14:45:04,Why hybrids are ‘having their moment’ as EVs and gas-powered vehicles lose market share,Hybrids are the fastest-growing segment of the U.S. auto market as EV and gas-powered vehicle market share declines.,CNBC,https://www.cnbc.com/2026/05/19/hybrids-having-their-moment-as-car-buyers-rethink-electric-vehicles.html
2026-05-19 14:38:59,"US imposes fresh sanctions on Iranian exchange house, shadow fleet vessels - Reuters","US imposes fresh sanctions on Iranian exchange house, shadow fleet vessels  Reuters",Reuters,https://news.google.com/rss/articles/CBMiwAFBVV95cUxPbjdKRVFXWDIyLW5QbzBMV0JPQlFXUEM1T2x2Y01BWUtMQjZZTS1VQTY1OHBWRVdtbDM1ck9kbjBCeUhNYmFfRGdfV1dhdEdra25CNlBjZmQwWDZESEJFU2w1dmRaWGRDZ1RGWEFUNFF6djl3MlBJWXc2aVVjVFYwYkNzNnlPRG9sVFhuRWJPRFc5OWVXWHFWRjRhMjNiSXY5aS1vTk5qTVdyTkJWX18yWEMwTk5OSDVSMC1JLTgySTc?oc=5
2026-05-19 14:38:46,EU plans more funds for farmers after Iran war drives up fertiliser price - Reuters,EU plans more funds for farmers after Iran war drives up fertiliser price  Reuters,Reuters,https://news.google.com/rss/articles/CBMitAFBVV95cUxOUTFzWlZvYVJoaXNpbnVMRG5iMW4xZ0h3NW9VbmJEX21rZnFDTkptTUpHdDhkdmhlYzdxaEplVzVtMTdBejgwLVhySm5aOFBnaW5rek9xelgxdkVBRzdrNi1GSUtnXzRYSlRJYVMzTzdpYkYtYklSOHNzRzF1ejR1bFNNQUtLc25zbHFUYk93NVBaUS1xS0FZOFlHUzVsQXVJQ1dRbF85R1JqYkViVGRhSURjUzI?oc=5
2026-05-19 14:00:02,"'Doomjobbing' can hurt your job search, experts say: Why it happens and how to avoid it","Some job seekers are ""doomjobbing"" as a way to cope with the stress of unemployment.",CNBC,https://www.cnbc.com/2026/05/19/doomjobbing-can-hurt-your-job-search-why-it-happens-and-how-to-avoid-it.html
2026-05-19 13:05:16,Canada's inflation rate accelerates to 2.8% as Iran war pushes up gasoline prices - Reuters,Canada's inflation rate accelerates to 2.8% as Iran war pushes up gasoline prices  Reuters,Reuters,https://news.google.com/rss/articles/CBMiugFBVV95cUxON21ia1Z6MnV3RDRLMGtnOEZDb3VnR2MycXJ3bWZ3bXVyaTI5X0p3N3ZxdmpPTENMY3A0cjJUX2FmUUhfZmdqdlE1dG5xaHFIM2tyQ2I5RGJqT25ldW4xS21hUnpzSV9WYTFHSFFrR01HclNKb1NrVC10NUZLTTFwbC1iWE00MDhuWEtMY2hfLU9QODBHa2NOakxjS0FTeV9pS1NUNnpjbndNQjVTZC05TDhIeWM1OWx1TFE?oc=5
2026-05-19 12:57:42,Jim Cramer's top 10 things to watch in the stock market Tuesday,Oil prices and bond yields are sticking points.,CNBC,https://www.cnbc.com/2026/05/19/jim-cramers-top-10-things-to-watch-in-the-stock-market-tuesday.html
